Address,ID(Google),Name,Price_Level(Google),Rating(Google),Zip
"3420-B FM 967 B110, Buda, TX 78610, United States",963e863fa6cc9b1d1248582c2a669f3153a07c9c,Beijing Bistro - Buda,,3.8,78610
"1671 Main St C, Buda, TX 78610, USA",85ef6f6bbc4348739de27c8b171802d3380779a5,IM Thai Cuisine Buda,,4.5,78610
"1420 Cypress Creek Road #300, Cedar Park, TX 78613, United States",1e36ca054bab515fed6c13b1f07117628fb55bd4,Hot Wok Cafe Chinese Restaurant,2.0,3.7,78613
"1335 E Whitestone Blvd s190, Cedar Park, TX 78613, USA",542c66918a2d68bd5d3343d25ebe400145fba721,Amy's China Cuisine,,3.6,78613
"601 E Whitestone Blvd, Cedar Park, TX 78613, USA",305d74e7a8d1c874ec7f0b95c63965e14a69594a,Sichuan Bistro Restaurant,2.0,4.0,78613
"251 N Bell Blvd #113, Cedar Park, TX 78613, USA",186112c23111fb27ffa77da691eae9cb985c63dc,Hunan Chef,2.0,3.3,78613
"315 N Bell Blvd, Cedar Park, TX 78613, USA",da5020cda2585fcb54d8cfcb0eff5750b438ae1d,Kim Phung Restaurant,1.0,4.2,78613
"200 Buttercup Creek Blvd #117, Cedar Park, TX 78613, USA",641d031b78ed409976b75b1a64152db8d6af2fdb,Wok Express,2.0,3.7,78613
"401 W Whitestone Blvd, Cedar Park, TX 78613, USA",5611ceddec132eb8f5d46fab58cfadc4ec667d1c,Panda Express,1.0,3.4,78613
"401 E Whitestone Blvd # C106, Cedar Park, TX 78613, USA",bc9ba59722704f22b9980e0bbe018eee2c0874fe,Kung Fu Buffet,,3.0,78613
"4701 Texas 183A Toll Road, Suite C, Cedar Park, TX 78613, United States",be425d0e3da9d8b846e8c149aff794da4e8e9e20,Mama Fu's Asian House,,3.3,78613
"11200 Lakeline Mall Dr, Cedar Park, TX 78613, USA",a92d8990a83d942deab6c6855f7881a7d1ec41eb,Panda Express,1.0,3.1,78613
"1335 E Whitestone Blvd, Cedar Park, TX 78613, USA",d0d95cbd95807e4749f2659de32c8bfad93837f5,Takara Sushi and Asian Bistro,2.0,4.5,78613
"2725 E Whitestone Blvd, Cedar Park, TX 78613, USA",944926e8e6ea82b45d22f3abef22cbebe0f633a0,Panda Express,1.0,3.3,78613
"14028 US-183 #170, Austin, TX 78717, USA",bdaca5ef78d1b42f90d05668161748a70dc519a6,Snow Pea Asian Bistro,2.0,4.3,78717
"200 Buttercup Creek Blvd # 128, Cedar Park, TX 78613, USA",3163a775957d89eb37783bc6f726b65948bb3fb6,Thamnak Thai,2.0,4.4,78613
"1335 E Whitestone Blvd #150, Cedar Park, TX 78613, USA",89fa990b7a4103b08ba9159d5e75ce02fb8f3e75,Cha-Da Thai,1.0,4.4,78613
"2463 E State Hwy 71 Service Rd, Del Valle, TX 78617, USA",9dc8cd444db5fdacc9efdf593379f02e6797f65c,Jasmine's Restaurant,,4.5,78617
"2701 Texas 71, Del Valle, TX 78617, USA",6625511882d723dd59f28758da338ab96eb66b70,El Michoacano Mexican Restaurant,,4.0,78617
"5121 Albert Brown Dr, Del Valle, TX 78617, USA",f0b37ae89b2e7ab4bfe39975dc4a19ac4224465d,Hit the Spot Cafe,,4.6,78617
"13912 FM 812, Del Valle, TX 78617, USA",b480ae8d048da932ba36a157c23b46b7a6d01d35,Wild Bubba's Wild Game Grill,,4.4,78617
"2834, 1906 S Bagdad Rd, Leander, TX 78641, United States",9098a62bd192ad8f0bbbc11b8b4cc82a035c2aec,Great Wall Restaurant,2.0,3.5,78641
"15609 Ronald Reagan Blvd Bldg B230, Leander, TX 78641, USA",a1979a1a31d2fd82f7af7f3fe96aaa056c3c9976,Woks It 2 U,,4.4,78641
"9900 S Interstate 35 Frontage Rd O500, Austin, TX 78748, USA",a93f24149d861b36be57bd7e008cb73e7c90f89a,Chi Chinese Buffet,2.0,2.7,78748
"2110 W Slaughter Ln, Austin, TX 78748, USA",ba10b66213fc2a8871246fd352f294775cdedebf,China Dynasty,2.0,4.2,78748
"309 W Slaughter Ln, Austin, TX 78748, USA",bcb5d183a5d76fac954e92cc438d74866f06a0f4,Panda Express,1.0,3.6,78748
"6818 West Gate Blvd, Austin, TX 78745, USA",9d56fdc337e2c101df72b7b41095b725ca8f0c77,Bamboo Bistro Westgate,,4.0,78745
"2712 Bee Caves Rd, Austin, TX 78746, USA",bdefc39e9e72060c0c3f8552220f8ea2ca60d20b,Chinatown,2.0,4.1,78746
"2800 W William Cannon Dr, Austin, TX 78745, USA",1b9da838439a94590699ca37397e435e34ba0775,China Hill,2.0,3.9,78745
"9600 S IH 35 Frontage Rd c, Austin, TX 78748, USA",51368733a0b637ec42512c3eefa611cff32dedfb,Mama Fu's Asian House,2.0,3.4,78748
"107 W 5th St, Austin, TX 78701, USA",e259af5fd78a9780e9ca0ac710946b8ad1bd0638,Chinatown,2.0,3.9,78701
"801 E William Cannon Dr, Austin, TX 78745, USA",687006aedfe3251391c8e909d6c21213b2fd022e,China Harbor,2.0,3.3,78745
"1901 W William Cannon Dr #115, Austin, TX 78745, USA",e8ab1d95da16b3fcd746e6fd6987d9a37eef657a,Hao Hao Restaurant,2.0,4.1,78745
"4534 West Gate Blvd, Austin, TX 78745, USA",0a8f28a7edac8268ea58c47098d85438af744c8c,Sichuan River,2.0,4.1,78745
"719 W William Cannon Dr, Austin, TX 78745, USA",45bd9478d1fa37344dcf4659d810a3ac5c5d78d1,Super Bowl Restaurant,2.0,3.8,78745
"500 W William Cannon Dr #420, Austin, TX 78745, USA",4f300f2056a77ce0e36bfb108ea2f9f2af60612e,Taiwan Restaurant,2.0,3.3,78745
"4301 W William Cannon Dr, Austin, TX 78749, USA",5cd3fcb9c27c2fa4461bfa191e6b4440146d50e4,Panda Express,1.0,3.3,78749
"8106 Brodie Ln # 109, Austin, TX 78745, USA",f57e35f209250e9197c6527431cda56a527bd37b,Beijing Wok,2.0,3.0,78745
"201 San Jacinto Blvd, Austin, TX 78701, USA",7c34c2814c66dc33534adbeb4e64ae7117ec7501,P.F. Chang's,2.0,4.0,78701
"625 W Ben White Blvd, Austin, TX 78704, USA",ec2339d24cecd5986b306474bb427557f034a055,Bamboo Garden Chinese Restaurant,2.0,3.9,78704
"1931 E Ben White Blvd #300, Austin, TX 78741, USA",b9eb17dab1edbc2b1a046a224789b1330e44554c,Asia,2.0,3.8,78741
"1000 E 11th St, Austin, TX 78702, USA",16e0adc337729528dc766fa0acc1160809c816a2,Old Thousand,2.0,4.5,78702
"4200 S Lamar Blvd, Austin, TX 78704, USA",477a9d263adc722c6477946f94a56750f46d73d3,Pei Wei,1.0,3.6,78704
"4006 S Lamar Blvd, Austin, TX 78704, USA",e971a74a49cdb9ed50373800537b2e7bdbd24157,Hunan Lion,2.0,4.0,78704
"212 E Oltorf St, Austin, TX 78704, USA",b75b51402eec73943491ad3847b6b1c46d7a0ad8,New Mandarin,2.0,3.5,78704
"2901 S Capital of Texas Hwy, Austin, TX 78746, USA",a514b7e6cf14beefafc016b988acf116ac7b24da,Panda Express,1.0,3.8,78746
"3201 Bee Caves Rd, Austin, TX 78746, USA",8344380b557848421e0e0204b244f3970a95cb86,Lotus Hunan,2.0,4.1,78746
"IBC Bank Plaza, 500 W 5th St #168, Austin, TX 78701, USA",a7ab15bcdaf437a5e31f3cd509b78b2a9137ec9a,Wu Chow,2.0,4.3,78701
"6156 US-290, Austin, TX 78749, USA",8166718e30258a4f1180276ceeaf87c44f405ffe,Sesame Hill,,3.9,78749
"5261 Kyle Center Dr, Kyle, TX 78640, USA",4ed7340d304cafcb533e03bb7c3f0b8fc61f2d9d,Panda Express,1.0,3.8,78640
"9901 Brodie Ln, Austin, TX 78748, USA",0c6cbbbff49301e98a5789db54ec468e1503ff9d,Wok On Fire,2.0,2.7,78748
"5400 Brodie Ln #1200, Austin, TX 78745, USA",93007705b0e7cb93f5f0750328157d40d807c2bf,Mama Fu's Asian House,2.0,3.4,78745
"151 Evans Dr Ste 111, Kyle, TX 78640, USA",eee32f797dd4a7bfd2ec9639cd8abb69e82d935e,Mama Fu's Asian House,,2.6,78640
"Guadalupe St, Austin, TX 78712, USA",b58e04456438ef6a55ce5d0b6c41c1796fd3d5f9,Panda Express,1.0,3.1,78712
"7800 S 1st St, Austin, TX 78745, USA",0e6c8cf96175f11aeeed6d44bf7b9aed52256dc1,Dragon Delights,1.0,4.5,78745
"13729 US-183 Suite 695, Austin, TX 78750, USA",5c740c8358c893a0d8ede4b696d686d98fdeb0da,China Cafe,2.0,3.8,78750
"5607, 1914 Guadalupe St #A, Austin, TX 78705, United States",bbeedc2e08cb24603522652454a0c0d8903fb7b2,Look Noodles & More,,3.9,78705
"101, 5019, 3421 W William Cannon Dr, Austin, TX 78745, United States",c37bafc106fbc0ba980ca09ee886aa25d7aedac7,Me Con Bistro,,4.4,78745
"11600 Manchaca Rd A, Austin, TX 78748, USA",4dcdcf88fa1ac87b236ce97cf54f2895671eaf26,Southside Flying Pizza,2.0,3.9,78748
"3909 N Interstate Hwy 35 Ste E-5, Austin, TX 78722, USA",5a51db03a9759dd95f9fa17a8a5995b5e551ccda,Tso Chinese Delivery,,4.7,78722
"100 Colorado St, Austin, TX 78701, USA",cf9782de34e8b8be142cd541adb4508c400b9167,Mama Fu's Asian House,2.0,3.5,78701
"603 W Stassney Ln, Austin, TX 78745, USA",ae9093c0f3fc4e3e1b64476a888b716a68390ad3,1st Wok,2.0,4.4,78745
"103 W Center St, Kyle, TX 78640, USA",ee55cfcb9fe5d95798c1b338267019c388fa6344,East Buffet,,3.8,78640
"12913 Galleria Cir Suite 101, Bee Cave, TX 78738, USA",448bd139d7d1094c348b7ecdbea07718454f094c,Pei Wei,1.0,3.0,78738
"6705 U.S. 290, Austin, TX 78735, USA",d6360e5c9fa8b3cf9efb3718343f41f1a71efab0,Chen Z Noodle House,2.0,4.3,78735
"107 Ranch Rd 620 S #107, Austin, TX 78734, USA",0ed967e0f6a93a70477cdd21bc8cfda024e880b6,China Pacific Restaurant,2.0,3.8,78734
"1910 Guadalupe St, Austin, TX 78705, USA",89a5ba2d37a414a3799ae3940ccaf51b87778387,CoCo's Cafe,2.0,4.2,78705
"#100 13376, Research Blvd, Austin, TX 78750, United States",142e79c57a61c1d83d109a9eddcf5178126fbcd8,A+A Sichuan China,,4.0,78750
"2400 Seton Ave, Austin, TX 78705, USA",47456e45b3d0555926e8e9c137b56bdc5e1e12d9,Little Sheep Mongolian Hot Pot,,4.2,78705
"1000 E 41st St.Suite L-100, Austin, TX 78751, United States",0c230f17823c5665824f5da55463b08343edb218,Pei Wei,1.0,3.7,78751
"2301 Bliss Spillar Rd, Manchaca, TX 78652, USA",0a84d179b7c7eb1646a1c80600062ba4baec9f1c,Tony's South Austin Pizza,2.0,4.1,78652
"340 Old San Antonio Rd, Buda, TX 78610, USA",f7683c68c688bb22948b9c9f4f6edbf3ee2b48a7,Panda Express,,3.6,78610
"13450 Research Blvd #118, Austin, TX 78750, USA",9fd227999a229638edb3a33fe57f69a377186ddc,Nanking Restaurant,2.0,4.2,78750
"106 Burleson St, Kyle, TX 78640, USA",8ee57618b756dce1e4438ed91cc06e9f4dbf4fa6,Hays City Donuts/ Hays City Chinese Cuisine,,4.5,78640
"2410 E Riverside Dr, Austin, TX 78741, USA",0978a532562e3e28da328c76414d3ca248bd9a57,Joy East,1.0,3.4,78741
"1332, 1913 E Riverside Dr, Austin, TX 78741, United States",74126c3ee327733a94b2b10003894e75eb3f813c,China Express,2.0,3.8,78741
"3505 N Interstate 35 Frontage Rd, Austin, TX 78722, USA",b7813e83af8f8b797e4ad9591f2782afa68c08ae,DFG Noodles,,4.4,78722
"5601 Brodie Ln # 550, Sunset Valley, TX 78745, USA",d729b62b942dc59c1064a94633e3ef75b09f1618,Fire Bowl Cafe,2.0,3.9,78745
"4211 S Lamar Blvd # E1, Austin, TX 78704, USA",5a90c0c4b01a128fcdf377d5abe0e0b3437b661b,Dong Nai,2.0,4.1,78704
"11215 S IH 35 Frontage Rd, Austin, TX 78747, USA",60f10b55ab21c9b89326b64edc27e554e5dfbb2c,Panda 2 Go,,2.5,78747
"100 E Parsons St, Manor, TX 78653, USA",e08dda2867aeb0c8093eab17dabdf9a9d4d6ca0e,Little Beijing Restaurant,,4.6,78653
"11808 Ring Rd, Manor, TX 78653, USA",a05eff099fe4d8acbb22e0b4bd1d86d7598bd69f,Panda Express,1.0,3.4,78653
"2700 W Pecan St Suite 600, Pflugerville, TX 78660, USA",c0391e1d5f4a8a29d2f842d45496506c1db284f3,China Dragon Chinese Restaurant,2.0,4.2,78660
"18816 Limestone Commercial Dr, Pflugerville, TX 78660, USA",92df541605fe70be1999e63f2415f37f273c4b97,T Jins Restaurant,,4.2,78660
"1202 Farm to Market 685, Pflugerville, TX 78660, USA",b73956a28183ae56322892622a242a493e605a55,Great Wall Express,2.0,3.7,78660
"1100 Grand Ave Pkwy ste 116, Pflugerville, TX 78660, USA",f964088210605d01c86ea52b8baf47ebecfeb83c,Oriental Kitchen Restaurant,,4.5,78660
"15424 FM1825 # 270, Pflugerville, TX 78660, USA",6c500d2c671b8f4128ed59b13fc0f2f2ddb8b347,Kung Fu,2.0,3.7,78660
"2324 Farm to Market 685 #500, Pflugerville, TX 78660, USA",2e7a698234a228df0ef8fa5c0092f869fa91d7cc,Mama Fu's Asian House,,3.4,78660
"18600 Limestone Commercial Dr, Pflugerville, TX 78660, USA",74857eb305e2253f034ce9ceb88132253540d41c,Panda Express,1.0,3.6,78660
"661 Louis Henna Blvd #410, Round Rock, TX 78664, USA",9611839c3fec470d1a29235966c2f899390d27e8,Happy Dragon Chinese Bistro,,3.7,78664
"1921 Cedar Cove, Pflugerville, TX 78660, USA",f727df34535c7bd9d17d51d8e05c2ad9a10210c8,Little China Palace,,,78660
"1208 N Interstate Hwy 35, Round Rock, TX 78681, USA",3e9007cb281a10c12596444f34070a99dd506947,Hunan Lion,2.0,3.8,78681
"1205 Round Rock Ave #135, Round Rock, TX 78681, USA",62233c70aff8a01cf125723b3fe25d7a2435b047,Hao Hao Vietnamese & Chinese Restaurant,2.0,4.3,78681
"1102 E Palm Valley Blvd, Round Rock, TX 78664, USA",1557a4d2e3ff3c35cbe3743bdb5efd6edcc31350,China Wok,2.0,3.4,78664
"#220, 1401 S Interstate 35, Round Rock, TX 78664, United States",2accd98d4dab07d452126f8fff58e1da81ff72e8,Golden Palace,2.0,3.0,78664
"2000 N Interstate 35 Frontage Rd G4, Round Rock, TX 78681, USA",750c5df19dc8f3e673a995cb68ebdaabe542f045,China Wall Restaurant,2.0,3.7,78681
"110 N Interstate Hwy 35 #240, Round Rock, TX 78681, USA",4785544743ae7d029b168bf4aad2938c993e4cf7,Sichuan Garden,2.0,4.1,78681
"1400 E Old Settlers Blvd STE 102, Round Rock, TX 78664, USA",6857ee5c5426d7a679c3d981288304e914e9b8ad,Beijing Express,2.0,4.3,78664
"3107 S Interstate 35 #760, Round Rock, TX 78664, USA",107be506e5f4b64b0b670375227f3a9f4ddc49fc,Inchin's Bamboo Garden,,3.8,78664
"4500 E Palm Valley Blvd, Round Rock, TX 78665, USA",53df2a8cf8540239e1a02a314270c5d918c353af,Great Wall Express,,3.5,78665
"201 University Oaks Blvd #730, Round Rock, TX 78665, USA",55e65d000c3b3ec2b650fa90197b4ab71db05fcc,Fortune Garden,2.0,4.2,78665
"2711 La Frontera Blvd #260, Round Rock, TX 78681, USA",e7127559e0954f032069783f4a466c6c69290d74,BO ASIAN BISTRO,2.0,4.0,78681
"16560 Ranch Rd 620 #112, Round Rock, TX 78681, USA",0d620ff43a12cfcd94962cdd4fcc22efd809bb58,Rice 2 Go,,4.3,78681
"120 Louis Henna Blvd, Round Rock, TX 78664, USA",c0e9e4cefa696e0d75aa1f862ff44e1c49093d22,Panda Express,1.0,3.6,78664
"1700 E Palm Valley Blvd, Round Rock, TX 78664, USA",897a79dd1b5a4913c8017f0b536a3e3fc48781e2,Panda Express,1.0,3.5,78664
"130 W Palm Valley Blvd, Round Rock, TX 78664, USA",72a48f7a015db8049852a5ddcdcfac4cc7c6dc13,Ye Star Buffet,,3.7,78664
"111 University Oaks Blvd, Round Rock, TX 78664, USA",f10d4eeb6b3916eb938a538cc0b9eeffae697994,Panda Express,1.0,4.0,78664
"200 University Blvd Suite 100, Round Rock, TX 78665, USA",876dd5a151ea65ddc6ea09105653ed4ec3baac49,Pei Wei,1.0,3.7,78665
"2250 E Palm Valley Blvd Suite 215, Round Rock, TX 78665, USA",fd1fe53db255123a52cc9069c8b334273bcbb6ab,Mama Fu's Asian House,,3.4,78665
"150 Sundance Pkwy #300, Round Rock, TX 78681, USA",9d39532aef8a2b42c4045b464f0a72957e4bc5cd,Fire Bowl Cafe,1.0,4.1,78681
"311 University Blvd #200, Round Rock, TX 78665, USA",12f93936ce689019065c4626bd3304271133b06a,Mama Fu's Asian House,,3.6,78665
"105 E Old Settlers Blvd #105, Round Rock, TX 78664, USA",5cd2d6e45e4bf9a4cb8e16c0a770307bc71f8a80,Pho Nation,,4.3,78664
"3720 Gattis School Rd, Round Rock, TX 78664, USA",dfac1b79bbfdb60d982e7003a2f378f3add27253,Thai Spoon Restaurant,2.0,4.4,78664
"3601, 6605 Airport Blvd, Austin, TX 78752, United States",aeca550acd577ada947d15388018945bbcd9b492,China Palace,2.0,3.9,78752
"4815 W Braker Ln, Austin, TX 78759, USA",b065f06f65bee85cb70cf65ddad37e86d41a8ab6,Twin Lion,2.0,4.3,78759
"3407 Greystone Dr, Austin, TX 78731, USA",9d64be01b91f73c8eca5c26bea3a3bff79404ffb,Chinatown,2.0,4.0,78731
"10901 N Lamar Blvd, Austin, TX 78753, USA",f7ba6a5b04d098b3265bd2dbb954b1495292b8dc,New Fortune Chinese Seafood Restaurant,2.0,4.3,78753
"#180, 7112 Ed Bluestein Blvd, Austin, TX 78723, United States",5e6587663e15ed9fe348906223b3570b025cedd2,China Kitchen Restaurant,2.0,2.6,78723
"8650 Spicewood Springs Rd #109, Austin, TX 78759, USA",84d30dc8f1a53794922a4927af806a4400b2ea46,Dynasty Chinese Restaurant,2.0,4.0,78759
"8557 Research Blvd #116, Austin, TX 78758, USA",7f03c9570ff5ab647752bd0e3f924335bc2a2eb5,Din Ho Chinese BBQ,2.0,4.2,78758
"6718 Middle Fiskville Rd, Austin, TX 78752, USA",2366e76abd78f4f137ea841b5699672381eb7996,Shanghai,,3.9,78752
"11657 Research Blvd, Austin, TX 78759, USA",eb471d4e1d5f74de6c2e99744348080e5ab5d1a9,Super China Restaurant,2.0,3.5,78759
"13000 I-35, Austin, TX 78753, USA",5f73caa8bfcefd717471f52bdcd007e69ea39965,Ho Ho Chinese B.B.Q.,2.0,4.1,78753
"6206, 3706 Jefferson St, Austin, TX 78731, United States",236df1cb68fed5b83948b1b7fc6f2f9df8f143c5,Spicy Szechuan,2.0,3.8,78731
"11220 N Lamar Blvd, Austin, TX 78753, USA",bba64249e8bbb978472b717f2ac7601db84d4ec2,Rice Bowl Cafe,2.0,4.2,78753
"14735 Bratton Ln, Austin, TX 78728, USA",4a6390f25341ab7f6eb7f6304cb131b342956d52,Four Seasons Chinese Restaurant,2.0,3.8,78728
"1921 Cedar Bend Dr, Austin, TX 78758, USA",24e859da4594f3333b010200129aab9b6d4d8365,Little China Restaurant,,4.2,78758
"11005 Burnet Rd, Austin, TX 78758, USA",fedcf07067c548f4663b355860888ba6a118283d,Szechuan House,,3.5,78758
"7858 Shoal Creek Blvd, Austin, TX 78757, USA",34c434b9790dcb7ae0ab0fbcc0628195480bacaa,Suzi's China Grill,2.0,3.9,78757
"2025 Guadalupe St, Austin, TX 78705, USA",64a7ecc49bb4d7b69ef58e8bfec7dd03cacc78ec,Hoa-Hoa,2.0,3.8,78705
"9505 Burnet Rd A, Austin, TX 78758, USA",7f8f652ba6d87fd306f11776dbde1dcf3c3af44e,China House Restaurant,2.0,2.7,78758
"8303 Burnet Rd 1, Austin, TX 78757, United States",9e64452ef92e33ab42a0365ef56153e24d49a3a0,Shu Shu's Asian Cuisine,2.0,4.3,78757
"Spicewood/183 Center, 8650 Spicewood Springs Rd #114a, Austin, TX 78759, United States",129470543519677b0f235f3e6a6b177b99eb6ef9,Asia Cafe,1.0,4.4,78759
"13000 N Interstate Hwy 35 Suite 102, Austin, TX 78753, USA",dbc639f981b99631f9e57282cd86fd34b786b2e3,Cyclo Vietnamese & Chinese,2.0,4.0,78753
"3742 Far West Blvd, Austin, TX 78731, USA",3cff52e227e26e10537f085ad28e7e098667b65d,Hao-Q Asian Kitchen,,4.0,78731
"4413 Guadalupe St, Austin, TX 78751, USA",b7c6616c2e553cf9c72ee6e2553dce0c77335aeb,Wok 'N Express,,4.2,78751
"#110, 8557 Research Blvd, Austin, TX 78758, United States",769e95aeef4beff4cd733ae3818dae850aaeb1f3,Julie's Noodles,,4.3,78758
"10601 Ranch Rd 2222, Austin, TX 78730, USA",66b078c196b3605338c3da5f1421a02745aacd0d,Hunan Riverplace Restaurant,2.0,4.2,78730
"7517 Cameron Rd, Austin, TX 78752, USA",0fd1e9f10db8f0a081b7fdd2679f693d252c2c82,Oriental Express,2.0,3.4,78752
"10114 Jollyville Rd, Austin, TX 78759, USA",0f847de055cbdd06c0835266316f1951b2d123f1,P.F. Chang's,2.0,4.1,78759
"8709 N Interstate Hwy 35, Austin, TX 78753, USA",33c1a68eef1bdad0c2c4b91cfd5d5eb6bdca44be,Fujian Grand China Buffet,1.0,3.6,78753
"9231 W Parmer Ln #101, Austin, TX 78717, USA",5ec09d5f308bb441aabf8ec4da286c566a6b7819,Twin Panda,,4.6,78717
"5451 I-35, Austin, TX 78723, USA",f3c671171b0791ab8a0325e91443ac366c0f2667,Buffet King,2.0,3.7,78723
"13717 Burnet Rd, Austin, TX 78727, USA",947f364916db2a10ceb557bb8911ffe8f3cc2589,Wanfu III Asian Diner,,3.6,78727
"3235 E Cesar Chavez St, Austin, TX 78702, USA",efc94febad66c990e926b020753be47344de2de1,Jacoby's Restaurant & Mercantile,3.0,4.3,78702
"1601 S IH 35 Frontage Rd, Austin, TX 78702, USA",c1d29489c12222bb77f05b38f5e7566a7adc346a,Denny's,1.0,3.7,78702
"1115 E 11th St, Austin, TX 78702, USA",01779708fb644f5d4bbd8b43bbd47bd16cbaff18,Blue Dahlia Bistro,2.0,4.6,78702
"1519 E Cesar Chavez St #200, Austin, TX 78702, USA",cc6dd2fd4168595780d9fc941eb0e87c64115e34,Bufalina Pizza,1.0,4.4,78702
"2500 E 6th St, Austin, TX 78702, USA",11255f4bdf8438bda2e1e611639d8214492ece77,DEE DEE - Northern Thai Street Food,1.0,4.8,78702
"619 N Interstate Hwy 35, Austin, TX 78702, USA",a290e11c279e2296347bb9647f65cbc08ea54c85,Wendy's,1.0,3.1,78702
"1144 E. Airport Blvd., Austin, TX 78702, United States",57186188132741321c876e09595c15de944807ac,Golden Chick,1.0,3.6,78702
"1211 E 6th St, Austin, TX 78702, USA",6f258b1778299252d9f02d4266baee25da95177f,Aimee's Super Fantazmo Food Club,,4.7,78702
"2409 E 7th St, Austin, TX 78702, USA",2178c39c52803d855158df15dd67b08ff36db872,Casa Colombia,2.0,4.5,78702
"2121 E 6th St, Austin, TX 78702, USA",6059adc6a8960d64a5c3c0ce27a4dca441027ec8,Hi Hat Public House,,4.6,78702
"1411 E 7th St, Austin, TX 78702, USA",d7f2901695579285a0193d399eb1785db6b9b137,Takoba,2.0,4.1,78702
"2501 E 7th St Ste 300, Austin, TX 78702, USA",7b6589568f00a75dbd132b2d14163c918bc6f9d6,Domino's Pizza,1.0,3.4,78702
"105 Tillery St, Austin, TX 78702, USA",b51f70ae72c96364d40b9845b25b1ea0a63959c9,Grizzelda's,2.0,4.2,78702
"4827 E Cesar Chavez St, Austin, TX 78702, USA",86f00d1d152ca1a6d5a068ecb4bc707ecd483ac1,Sawyer & Co,2.0,4.4,78702
"1144 Airport Blvd, Austin, TX 78702, USA",0a9269736d0433263f99062db1bca7025e114b54,Pizza Hut,1.0,2.7,78702
"2706 Gonzales St, Austin, TX 78702, USA",a5d0f7004b28c31aa72e109a4ef1448826c2558f,Sonic Drive-In,1.0,3.3,78702
"3518 E 7th St, Austin, TX 78702, USA",343b4bf08e0841aafabaa034b5ddc1c2025c6abe,Beto's Restaurants,,4.4,78702
"1823 Airport Blvd, Austin, TX 78702, USA",fc24d75088db2585ae13719a7b5826c779f5bea0,Popeyes Louisiana Kitchen,1.0,3.3,78702
"2337 E Cesar Chavez St, Austin, TX 78702, USA",1ad2c3bb2d0833f7ce056630b56cf87b3c598068,Counter Culture,,4.6,78702
"1209 E 7th St, Austin, TX 78702, USA",42cd9479213713772c1537e20df1d2025107a6b3,The Hightower,1.0,4.5,78702
"1000 W Lynn St, Austin, TX 78703, USA",62b83987eb0f7dd7b728188a2998d7b11db72cbd,Galaxy Cafe,1.0,4.3,78703
"2608 W 7th St, Austin, TX 78703, USA",5cbbcd9851f7021c65f23e10800f07d4e91e6d1a,Maudie's Cafe,2.0,4.0,78703
"7718 Burnet Rd, Austin, TX 78703, USA",1cf91c6f40589bbac64940f5141f03e18e1ca2f5,Panda Express,1.0,3.2,78703
"1014 N Lamar Blvd, Austin, TX 78703, USA",7f1ae4798e54595a4dd1cc20e9c5baa1a544b1eb,Wink,3.0,4.3,78703
"1611 W 5th St #105, Austin, TX 78703, USA",f6efc97842e7a6d61cb198f0122ebf265710a4e0,Sushi Zushi,,4.1,78703
"600 N Lamar Blvd, Austin, TX 78703, USA",f437bc994aebf94277cab3ca0c57c50dec90c632,24 Diner,2.0,4.3,78703
"1014 W 6th St, Austin, TX 78703, USA",8a9b040aa7ede60dad42aec0b2477ccc65a3bb18,Snap Kitchen,2.0,4.2,78703
"817 W 5th St, Austin, TX 78703, USA",b02c02026510255d803e425da0ecbac27bfdf5df,Austin's Habibi,1.0,4.0,78703
"507 Pressler St, Austin, TX 78703, USA",a522576d0abce0195adecb5413b16fd246f8c4c1,TNT Tacos and Tequila,,4.0,78703
"2304 Lake Austin Blvd, Austin, TX 78703, USA",e20cd08b659050cfe07943b4792422483730c3e3,Magnolia Cafe,2.0,4.3,78703
"1213 W Lynn St, Austin, TX 78703, USA",9127aa83a1083fa33cb3bffc8301ad0e5fb5466a,Cipollina,2.0,4.2,78703
"509 Hearn St, Austin, TX 78703, USA",543c7c7714b982c9933ba52bdaf265077870f3e8,Fabi + Rosi,2.0,4.7,78703
"1200 W 6th St, Austin, TX 78703, USA",d3fa84be5e4f1aac69ff4da1019f759731492549,Café Josie,3.0,4.4,78703
"1611 W 5th St, Austin, TX 78703, USA",071e7f6c6949b97034915e0eefcfaf8e370484b8,Veggie Heaven,1.0,4.1,78703
"1204 W Lynn St, Austin, TX 78703, USA",c788965846671011efb94c299626b90e2b1ba256,Jeffrey's,3.0,4.3,78703
"1608 W 35th St, Austin, TX 78703, USA",4d10b3a567dadc36cfdc8274f57c1575d286f79d,Brick Oven on 35th,2.0,4.1,78703
"1110 W 6th St, Austin, TX 78703, USA",34ff2538385f0def97a86cf4f1d8643dc5b9fac2,Z'Tejas,,4.0,78703
"2308 Lake Austin Blvd, Austin, TX 78703, USA",41779d270d8e5deb53e68dcdd05350ba1b4a3579,ThunderCloud Subs,2.0,4.2,78703
"1115 W Lynn St, Austin, TX 78703, USA",bd8b5b332c0870eac7fd1d77571d233d7ad276e8,Nau's Enfield Drug,1.0,4.2,78703
"1503 W 35th St, Austin, TX 78703, USA",f7792ad624498e68ff649fd5c1d21d48c72b5c5a,Tiny Boxwoods Austin,2.0,4.4,78703
"1611 W 5th St #175, Austin, TX 78703, USA",010590c588869cddaf189d8b943e4965ff94b2b3,Lucky's Puccias,1.0,4.7,78703
"3110 Windsor Rd, Austin, TX 78703, USA",ebbed199c917a2799ab49d9d448bc0bc575c6596,The Beer Plant,2.0,4.6,78703
"2727 Exposition Blvd #112, Austin, TX 78703, USA",6e4665ffd66e5e8a91cafdd4201b5e2dd9067f09,Food Food,,4.0,78703
"1717 W 6th St, Austin, TX 78703, USA",f139ef5bd22a4bbd7e3c695752438a7e8d8eca8e,COVER 3 Downtown ATX,2.0,4.4,78703
"900 W 12th St, Austin, TX 78703, USA",eb5280c413d4342749494e7096b69731c3e02f92,House Park Bar-B-Que,1.0,4.1,78703
"3411 Glenview Ave, Austin, TX 78703, USA",b52b01a26371565dd3c1b6471bd75e9d0018fda0,Olive & June,,4.3,78703
"1624 W 5th St, Austin, TX 78703, USA",5463e62622f8625946cd4bc1ce01ad75ada409c8,El Arroyo,2.0,3.8,78703
"3825 Lake Austin Blvd, Austin, TX 78703, USA",089c479b0873d939fccceb07479af54e6816e7b6,Hula Hut,2.0,4.1,78703
"903 W 12th St, Austin, TX 78703, USA",b4c1620deef80270d92a7676833297035c08346b,ThunderCloud Subs,2.0,4.2,78703
"1621 W 5th St, Austin, TX 78703, USA",63973c13a1300a6e5459a35a2ddf89f86b3c645f,Mean Eyed Cat,,4.4,78703
"2401 Lake Austin Blvd, Austin, TX 78703, USA",6205787f842849458894efdfb03c2fa408de4d33,68 Degrees Kitchen,2.0,4.2,78703
"1401 W 6th St, Austin, TX 78703, USA",a9c294ff31699c1a78526692bad8ee8fe5d8b579,Nightcap,3.0,4.4,78703
"922 W 12th St, Austin, TX 78703, USA",8aabed1b172b82bbcf1a906f04d3d0791698e7de,The Tavern,2.0,3.9,78703
"3510, 3825 Lake Austin Blvd, Austin, TX 78703, United States",8e464dab32dc8aa9d026acee7f456ccc38315aba,Abel's on the Lake,1.0,3.4,78703
"909 N Lamar Blvd, Austin, TX 78703, USA",57be21a7b9a9f1592c25af614d7367e7723f479b,Shoal Creek Saloon,2.0,4.2,78703
"1315 W 6th St, Austin, TX 78703, USA",48fd9842094f6cf24b7498f93a62ee1484691c05,Winflo Osteria,1.0,4.2,78703
"1205 N Lamar Blvd, Austin, TX 78703, USA",621c6f8d7943b9c80d80122a3342a8624a724aca,ALC Steaks,2.0,4.2,78703
"807 W 6th St, Austin, TX 78703, USA",3ece3985268975052c6ce7ba4261f4271ef795b5,Hut's Hamburgers,1.0,4.2,78703
"525 N Lamar Blvd, Austin, TX 78703, USA",9d91de4926dcf1c74b1818397fed18bf5ce69240,Red Okra,3.0,,78703
"626 N Lamar Blvd, Austin, TX 78703, USA",b493e30ecf74b8e2e27cfbed0893f9c5fd776b80,Counter Cafe,2.0,4.4,78703
"915 N Lamar Blvd, Austin, TX 78703, USA",2c9851e2e5a3c072bf454f29813d56682f7a05b2,Fresa's - 9th & Lamar,1.0,4.1,78703
"310 Colorado St, Austin, TX 78701, USA",b6d39db9e002284b9ab1e352dc619b9cb4220da0,Papadom,,3.9,78701
"500 E Ben White Blvd # 200, Austin, TX 78704, USA",814a74b1277b9841ddcaad8eb578c7f53b93e2c6,Hea Cafe,2.0,3.8,78704
"2310 S Lamar Blvd #101, Austin, TX 78704, USA",fcf5aea6236a6d40251c5ae8ddd92c76f0fcd9ac,East Side King,1.0,4.4,78704
"909 W Mary St, Austin, TX 78704, USA",3cf015f2193ed21ab11abeab7e488c25121004a4,Thai Fresh,1.0,4.1,78704
"1509 S Lamar Blvd, Austin, TX 78704, USA",6779523b6cd3b865271ceee9317faaadc1697dc0,Chi'Lantro,1.0,4.4,78704
"801 South Lamar￼ ￼Boulevard, Austin, TX 78704, USA",d406336bcb87fa68ff9203fcda2821759b1ead61,Uchi,3.0,4.6,78704
"5607, 1914 Guadalupe St suite b, Austin, TX 78705, United States",913a605286f9023d82b47108938945c9c7fd5dc5,China's family restaurant,1.0,4.7,78705
"11101 Burnet Rd, Austin, TX 78758, USA",04f3e1eb684ba408303670f79662f72077507e5e,Bamboo Bistro,2.0,3.8,78758
"4700 West Guadalupe Street A5, Austin, TX 78751, United States",7963a2facfcec94dce7df5334395b03bac1ce2d3,Mama Fu's Asian House,2.0,3.4,78751
"3706 Guadalupe St b, Austin, TX 78705, USA",368c240f1f39c242155ada280e096b447ebc97ec,YaYa Cafe,1.0,4.1,78705
"2201 Speedway, Austin, TX 78712, USA",5d31993cec674267aea91ea51c2836d374289f62,Taco Cabana,1.0,2.9,78712
"2108 Robert Dedman Dr, Austin, TX 78712, USA",01faca1c6c53fc305e264cf963c3becc26a830a2,The University of Texas Club,,4.5,78712
"14900 Avery Ranch Blvd, Austin, TX 78717, USA",470161798fd1c42c858b1bea683011c0850e2291,Hunan Ranch,2.0,4.2,78717
"4898, 10001 W Parmer Ln, Austin, TX 78717, United States",d98fc500e29895d9bf480771a868155221acb6fd,P King,,4.0,78717
"13201 Ranch Rd 620 N U208, Austin, TX 78717, USA",8794c2f9df3d059b837617d4c0d1879399ad60f5,Xian Sushi and Noodle,,4.3,78717
"11301 Lakeline Blvd #300, Austin, TX 78717, USA",a936c289e83e9866d24c2a693f5db08a4fad16b4,Mama Fu's Asian House,2.0,3.4,78717
"6301 W Parmer Ln #202, Austin, TX 78729, USA",7d4ecb2044984b22c80b540b777c9dcecd3349ce,Eggroll Express,2.0,3.9,78729
"12300 Ranch Road 620 N, Austin, TX 78750, USA",4a7300b89e7fdc612193d21a722d5d2bc0bccd03,Jenna's Asian Kitchen,2.0,4.3,78750
"150 11301 Lakeline Blvd, Austin, TX 78717, USA",100586a3d1741e8960f59ecfbb00342f7ea8bd2e,Lai Lai Chinese Restaurant,,3.0,78717
"8650 Spicewood Springs Rd #127, Austin, TX 78759, USA",889f430d89a722d2192481ba4f5b6313ac4a9235,Chen's Noodle House,2.0,4.2,78759
"ste 105 10700, Anderson Mill Rd, Austin, TX 78750, United States",f1739a273f73f77e250ce69ad8aa5db6dce9c8b9,Hunan Bistro,,4.4,78750
"13201 Pond Springs Rd, Austin, TX 78729, USA",24e2d5f835359a429ff264f1743b2f982f01b221,DR WOK,,3.4,78729
"12221 Riata Trace Pkwy, Austin, TX 78727, USA",ce613408e88adedae6e885a72bf0b7a5d4eac20c,Minh's Cafe,2.0,3.9,78727
"3600 Presidential Blvd, Austin, TX 78719, USA",f40674f73f6cfda9cca1443c4febb98809298e8f,Salt Lick,2.0,4.0,78719
"2400 E Oltorf St #14, Austin, TX 78741, USA",254b72fcd852c415050671429ef86db44ae7e5e6,Java Noodles Restaurant,2.0,3.9,78741
"3600 Presidential Blvd #204, Austin, TX 78719, USA",3850fec50f216e2268968eedbe0565672a2c4d9c,Auntie Anne's,1.0,3.7,78719
"2237 East Riverside Dr 101A, Austin, TX 78741, United States",682f41df22dcd5ee551ca7e077113e08975a8ff9,Kim Phung Restaurant - Riverside,1.0,4.4,78741
"14300 FM 969, Austin, TX 78724, USA",710f2d1e625e2153c07100b2d21d66159ec90bba,Dragon Express,2.0,4.1,78724
"3600 Presidential Blvd, Austin, TX 78719, USA",22ff50fad7f9a8a65b24c1aa867a8ccb63e41c33,Maudie's,,1.7,78719
"3600 Presidential Blvd, Austin, TX 78719, USA",630f79fa905f341293b7110fb363864bc1548799,Wok & Roll,2.0,3.6,78719
"4140 E 12th St, Austin, TX 78721, USA",8b83f519d865b54f13b24a70b94f0beb5075be7d,Country Boyz Fixins LLC,1.0,4.5,78721
"3210 E Martin Luther King Jr Blvd, Austin, TX 78721, USA",b891b5326b9aaef3f1ab2202fe3440ab96c9966b,Whataburger,1.0,3.8,78721
"1005 Springdale Rd, Austin, TX 78721, USA",3116119047882fd4f3063a06494742366bc9ea6b,Taqueria La China,,3.0,78721
"9306 N Lamar Blvd, Austin, TX 78753, USA",d2e9dd757611a5fd0dfea273278976d84c27d57b,Hunan,2.0,3.1,78753
"5764 Airport Blvd, Austin, TX 78752, USA",32d440df10065a0e25f6222c403841f36a79cc3f,Panda Express,1.0,3.8,78752
"500 W Canyon Ridge Dr, Austin, TX 78753, USA",ebfed2698b22f27a2f6eb0ca3d7fe098f5765f62,Panda Express,1.0,3.3,78753
"2501 W Parmer Ln, Austin, TX 78727, USA",191aa8ce8a731e1022774978e7637b2c30351cc3,Panda Express,1.0,3.7,78727
"14509 FM 969, Austin, TX 78725, USA",2b2fd029e0a1a6c5afa547ef4d3f482bc05faedd,Encanto's Pizza,,4.1,78725
"C370, 1801 E 51st St, Austin, TX 78723, USA",bd19c269f274a358e652a98e240be0c0d1736a58,Xian Sushi and Noodle,1.0,4.3,78723
"10710 Research Blvd #328, Austin, TX 78759, USA",13034ea845ab93d5e8ebac74520ce22906ed48f1,Mama Fu's Asian House,,3.1,78759
"12901 N I-35 Service Rd. NB Bldg. 15, Suite 1540, Austin, TX 78753, United States",acc44738520d6394d25c8bfe3c6d1d96ee650861,Pei Wei,1.0,3.7,78753
"11521 N FM 620, Austin, TX 78726, USA",faa1be5336758689a714703b8f7eaa1ebdb8f614,Panda Express,1.0,3.5,78726
"2121 W Parmer Ln, Austin, TX 78727, USA",1e719b2db1daa03698f2eedce0d3277168d119f6,Pok-E-Jo's Smokehouse Inc,,4.3,78727
"1100 Center Ridge Dr #300, Austin, TX 78753, USA",729690b70eacbce1475858594d943cc74c48341c,Masala Wok Tech Ridge,2.0,4.1,78753
"13429 N Hwy 183, Austin, TX 78750, United States",86d6bfbd5bda3151f4ec8346e03a56c915383b92,Pei Wei,1.0,3.6,78750
"2121 W Parmer Ln Suite 114, Austin, TX 78727, USA",23ae2435b4006a0ad7922807eaa2884e4bb0c9b7,Chutney,1.0,3.7,78727
"1700 W Parmer Ln, Austin, TX 78727, USA",64a8f27c7ae2cf1fbfdefdd00371c21416fad5de,Domino's Pizza,1.0,4.2,78727
"4101 W Parmer Ln F, Austin, TX 78727, USA",c780b6e883d1f82679f654c8bc5c454e1b84075c,Thai Cuisine,2.0,4.4,78727
"1701 W Parmer Ln #104, Austin, TX 78727, USA",fa3167f810d37172e00942409fed775b08acbb81,Wingstop,1.0,3.5,78727
"1700 W Parmer Ln #650, Austin, TX 78727, USA",c530ce52242fc6c4795612da4972d1b42774a826,The Original Pancake House,,4.1,78727
"1700 W Parmer Ln, Austin, TX 78727, USA",b0ae6cd73e9c1fe1bc0307e362c477d380079df8,KFC,1.0,3.7,78727
"4101 W Parmer Ln, Austin, TX 78727, USA",8b51703228c1e45143dc884c91b48ca1fb19ec28,Tomodachi Sushi,2.0,4.5,78727
"3407 Greystone Dr, Austin, TX 78731, USA",72576d5763e7b1e745bd0760089ebfe3551bed99,Street Restaurant,2.0,4.5,78731
"2900 N Quinlan Park Rd, Austin, TX 78732, USA",af8f7efddcd91529184a9cde3fb9d8ae789e7714,Kawa Asian Kitchen,,4.0,78732
"205 N Commons Ford Rd #2, Austin, TX 78733, USA",c09ccde3e39b2be3a2c34c9e71e2cd8d90261833,Ronnie's Real Food Bistro,,4.7,78733
"3801 N Capital of Texas Hwy C-200, Austin, TX 78746, USA",f38be5ac709c22369bb8e87587a7f0e258f4dbb0,Jade Restaurant,2.0,4.5,78746
"2121 Lohmans Crossing Rd, Austin, TX 78734, USA",3f12b80541fcd93be20760879e794ea60bc26343,Thai Spice Restaurant,,4.3,78734
"7601 N Lamar Blvd, Austin, TX 78752, USA",58d43db7d1c7b0a09ea8595bfdb24f30de547514,Kim Phung,1.0,4.1,78752
"2300 Lohmans Spur, Austin, TX 78734, USA",d354fcc1d272a15f4d577f53971ad45effeaa01c,Pao's Mandarin House,2.0,3.9,78734
"7010 TX-71 #180, Austin, TX 78735, USA",b6f6e0ff0f3cad33e2d5fc2f1069d4cdc9d8974c,Thai Taste,2.0,4.1,78735
"6705 US-290, Austin, TX 78735, USA",da7ba729174e8383c121f784a4e456b3001248d7,Lavon Chinese,,,78735
"7101 TX-71 C13, Austin, TX 78735, USA",fc32d025aeb09d3d3248f78ed757921501fb430d,Eurasia Sushi Bar & Seafood,2.0,4.5,78735
"7720 TX-71, Austin, TX 78735, USA",987448870b1321e83c201d092556ab3329af624a,Jack Allen's Kitchen Oak Hill,2.0,4.6,78735
"6705 US-290, Austin, TX 78735, USA",2108f6e89f7aa770db0ede5934d5c0f47ce2e489,Via 313 Pizza,1.0,4.6,78735
"Austin, TX 78735, USA",9e9f323cc4ea022f344a4dac644b7683b30a9f71,Jim's,2.0,4.2,78735
"6116 W US Hwy 290 Service Rd, Austin, TX 78735, USA",3658538b8afb8a4b37215c4e8ec1c829f1c12e22,Taqueria Chapala 3,2.0,4.4,78735
"4970 W US Hwy 290 Service Rd, Austin, TX 78735, USA",d6745fd1d8a29ad4fb415f488e8a4220d830bf54,Craig O's Pizza & Pastaria,2.0,4.1,78735
"6330 US-290, Austin, TX 78735, USA",50702839e09091f396fcb9966145139f65c2770b,Pizza Hut,1.0,3.5,78735
"7626 W Highway 71, Austin, TX 78735, United States",10193900d7325ae29270f791f8ef3ca5cf2f096b,Domino's Pizza,1.0,4.0,78735
"4625 W William Cannon Dr, Austin, TX 78749, USA",bcda2b1e288cc7be84b8f0c1a9a36afbca9b250d,Flores Mexican Restaurant,,4.2,78749
"9900 I-35, Austin, TX 78748, USA",8dcf6fd4e9b20ed343a4f6ec3567b76a8584e4cc,The Green Mesquite BBQ,2.0,3.6,78748
"5030 W US Hwy 290 Service Rd, Austin, TX 78735, USA",b068962ef6b281e0a3b92649d4590e54d646a49b,Serranos Cocina y Cantina - Mopac,2.0,4.3,78735
"6266 US-290, Austin, TX 78735, USA",ae368d9bdea8dadd9fedc4c8003e13da718ee1fa,Austin Pizza Garden,,4.3,78735
"7101 W Hwy 71, Austin, TX 78735, United States",8315cdfa808c67d7ae17164a7f38c35c6795de79,SLAB BBQ & Beer,,4.6,78735
"5010 W US Hwy 290 Service Rd, Austin, TX 78735, USA",ca9404c0319cca3eca8f744a9c8a722a48852ba1,Applebee’s Grill + Bar,2.0,3.7,78735
"7010 TX-71, Austin, TX 78735, USA",7edfc7382026b99e3d2d7236bf55a09eaf2b377f,Little Caesars Pizza,1.0,2.5,78735
"4608 West Gate Blvd, Austin, TX 78745, USA",5668036ab51f77288730eb2398704744f39c7d78,Buffet Palace,2.0,4.1,78745
"4601 Southwest Pkwy, Austin, TX 78735, USA",65dcc71599187d02d071889312fcdcf5bde39373,Milano Cafe,2.0,4.3,78735
"6705 W US Hwy 290 Service Rd Ste 608, Austin, TX 78735, USA",7d43b094fc67fc35a4b8953476f671641e86c525,Chinos Banditos,,4.7,78735
"7101 State Hwy 71 W., Austin, TX 78736, United States",3171ce26e3bb9e5c0ef113528787386e65c3bb7c,Golden Chick,,4.0,78736
"13059 Four Star Blvd, Austin, TX 78737, USA",dfe5f97c74e8fe13adefebfeaea7552caf61227e,Trudy's Four Star,2.0,3.7,78737
"9521 US-290 #100, Austin, TX 78737, USA",38ee230c09bfcc8149c70f2839e59a4bf2c93879,"Lox, Box & Barrel",1.0,4.5,78737
"12024 US-290, Austin, TX 78737, USA",8e6cbc153d0c34783f634e7de59004c1dc1ff2dd,Aroi Thai Cuisine,,4.4,78737
"11601 Us Highway 290, Unit B 100, Austin, TX 78737, United States",f574663b8bfeab0aafdaba47ff0abf643c041acc,Papa John's Pizza,,2.7,78737
"12005 US-290, Austin, TX 78737, USA",62d69128ef439b5c4b1db54aa91c21987350d564,Pieous,1.0,4.7,78737
"3107, 13614 TX-71, Austin, TX 78738, United States",e629ac785814f961f7aa34a91cf935870f4d363e,The Emerald Restaurant,3.0,4.4,78738
"12918 Shops Pkwy, Austin, TX 78738, USA",11d628a5ffe7f5fe14f76b3e1651b6efba3646d3,Simply Pho House,,3.8,78738
"12506 Shops Pkwy, Austin, TX 78738, USA",0919e5b08fe4baebc306d4a1ffef4c173d5b9753,Maudie's Hill Country,2.0,3.9,78738
"3929 Market St, Bee Cave, TX 78738, USA",f4ccc1e8ffc47be0f372b74ae831df24b8d9de8f,Madam Mam's,1.0,3.9,78738
"3001 Ranch Road 620 South, main entrance, Austin, TX 78738, United States",b600ed5a298d264c386d357bf75e61543cc9f220,The Grove Wine Bar & Kitchen - Lakeway,2.0,4.4,78738
"3600 Ranch Rd 620 S C, Austin, TX 78738, USA",09a53099e2b48e9c71eb0440a0250e49fa5b930e,Chick-fil-A,1.0,4.5,78738
"12713 Galleria Cir, Bee Cave, TX 78738, USA",f1b9adf83ba98fe0d5bc2f3d30be9cda0a0b3869,Chili's Grill & Bar,1.0,4.0,78738
"12800 Hill Country Blvd. Suite G-115, Bee Cave, TX 78738, United States",fcd18068ed57d0341f64162d14dd095ca23310ff,Cafe Blue at Hill Country Galleria,2.0,4.1,78738
"12901 Hill Country Blvd, Bee Cave, TX 78738, USA",79c915d2af1ea6ae67c9e0b8cf7f0f0420175d60,Panera Bread,1.0,3.5,78738
"12815 Shops Pkwy #400, Bee Cave, TX 78738, USA",1375db4b04835cd9c5e3e88532bc981f0e31f145,Mandola's Italian,2.0,4.3,78738
"16018 Hamilton Pool Rd, Austin, TX 78738, USA",642cff1b202f67a8afe4681916ee627f773abb36,Verde's Mexican Parrilla,2.0,4.4,78738
"4005 Market St #140, Bee Cave, TX 78738, USA",c1bd71b7750d44227e2a86e870ee7a502446d418,Jersey Mike's Subs,1.0,4.0,78738
"2422 Ranch Rd 620 S, Austin, TX 78738, USA",db89407f94ebd8a6cc528f1e4d4f2d2578905498,Cho Sushi Japanese Fusion,,4.6,78738
"12700 Hill Country Blvd S - 100, Bee Cave, TX 78738, USA",b18398ad4f01d24c62515df458be9f0bdbdabb92,Chisos Grill,,4.1,78738
"2422 Ranch Rd 620 S, Austin, TX 78738, USA",f1ad4f40ca908db17ee4ecc9d5ebb948695ea633,Little Greek,,4.3,78738
"3480 Ranch Rd 620 S, Austin, TX 78738, USA",937ed5c7216a45e62c199c2a843368d23d3eee66,Salsa's Mexican Cuisine & Cantina,1.0,3.8,78738
"12717 Shops Pkwy #100, Austin, TX 78738, USA",7fa730e26931364b7f6ed09f7a1f2af441b0f8ab,Plate By Dzintra,,4.7,78738
"12432 Bee Caves Rd, Bee Cave, TX 78738, USA",d51a72f86fd286a5e118de2de3ad1663e0cb0530,Rocco's Grill,3.0,4.3,78738
"12815 Shops Parkway, #100, Bee Cave, TX 78738, United States",741be5e7b3a26cb677f2d80889f4ce41ad7da0cc,Fuddruckers,2.0,4.0,78738
"11905 Bee Caves Rd #11, Austin, TX 78738, USA",7cdada7ad65590716d586bc8961d86902e86d15e,Napoli's Craft & Kitchen,,4.0,78738
"2422 Ranch Rd 620 S, Austin, TX 78738, USA",5a556055344472d78389b93c9b74353d4377ffc9,Papa John's Pizza,1.0,4.1,78738
"7329 Burnet Rd, Austin, TX 78757, USA",9ff268c505061f2fddb01402aafbae6e346a0593,Pizza Land,2.0,2.0,78757
"12532 Farm to Market 2244, Bee Cave, TX 78738, USA",69a9af9316fb519b492466fcd99b4a6bcbe5589e,Schmidt Family Barbecue,2.0,4.0,78738
"5701 W Slaughter Ln A160, Austin, TX 78749, USA",488c57b48fbbe5fcd00beefaed1afc56c81e4894,zpizza,,3.7,78749
"2400 E Oltorf St #1A, Austin, TX 78741, USA",719d915dd6356b49631121bdc822df1f02b29013,888 Pan Asian Restaurant,1.0,4.5,78741
"1931 E Oltorf St B, Austin, TX 78741, USA",ea2906ffcdeddbb82be11b86762af082f5e6db67,Hai Ky,2.0,4.2,78741
"10901 N Lamar Blvd, Austin, TX 78753, USA",a21ca305d1b42370dc2757ad58da456210dde761,First Chinese BBQ,2.0,4.3,78753
"621 E 7th St, Austin, TX 78701, USA",d479959d6701de2bd04e296fdad9741c36579340,Koriente,1.0,4.4,78701
"1555 Bastrop Hwy, Austin, TX 78742, USA",6dc399dc54327be4e87dac82bf2911e746d9d9e4,Gatti's Pizza,,2.7,78742
"6315 S IH 35 Frontage Rd, Austin, TX 78744, USA",58bdc9142d686a4dd4baee079a8a6c3eae23e335,Applebee’s Grill + Bar,2.0,3.4,78744
"4415 S IH 35 Frontage Rd, Austin, TX 78744, USA",11f5619d001395ccabd5c53f46b258e87a401b76,The Limestone Kitchen Restaurant & Lounge,,3.2,78744
"6405 I-35, Austin, TX 78744, USA",1da193dbd853cdd24a15d1d80763c161ef7bf9ef,Subway,1.0,3.2,78744
"2406 S Hwy 183, Austin, TX 78744, USA",87654ea89e11fe689f1aba6d2d13e102fccf0520,AGAZAJO'S,,4.2,78744
"5310 S Pleasant Valley Rd, Austin, TX 78744, USA",04ab93dc8810340d29f05039e461c7d7b620f601,La Placita,,4.2,78744
"6002 Burleson Rd, Austin, TX 78744, USA",e4f56f46ef8d54417007779114df370bfc5f4cd8,Casa Vallarta,,4.1,78744
"9811 S IH 35 Frontage Rd, Austin, TX 78744, USA",b5083868e5c26cf81cf0374a08071553f76a343a,Chuck E. Cheese's,1.0,3.9,78744
"5808 Burleson Rd, Austin, TX 78744, USA",6f2801ebf622bfe32cffd3c6d5cd5847291169f2,El Mesón,1.0,4.0,78744
"7709 E Ben White Blvd, Austin, TX 78744, USA",2bfb6e102610f54aead3b89fb344fe69960edcda,Javi's Best Of Tex Mex,,4.2,78744
"4140 Governors Row, Austin, TX 78744, USA",9751df9330a4122d18d5b499bfbd0feb349c5107,Onion Creek Grill,,4.2,78744
"8801 S IH 35 Frontage Rd, Austin, TX 78744, USA",9be0441992c4ce23a4fe4bea70bcf8f654d2d61c,IHOP,1.0,3.5,78744
"4606 Burleson Rd, Austin, TX 78744, USA",229d2c9616449b9b1bcf6bd8e723a000c1b6fc56,Casa Moreno's,,4.4,78744
"Southpark Center Suite #100, 1931 E Ben White Blvd, Austin, TX 78744, United States",642863d232ae8230310300c4fb9ac25be53f1289,Subway,1.0,3.7,78744
"4612 Burleson Rd, Austin, TX 78744, USA",6753819608ad7b02b69c569944abe4e9878031b8,Bella Donna Subs,,4.6,78744
"5701 W Slaughter Ln D, Austin, TX 78749, USA",fb33090c1984bf02e8de1b2276a21bc94050a112,North by Northwest Restaurant & Brewery - Slaughter,,4.2,78749
"6001 W William Cannon Dr # 301, Austin, TX 78749, USA",5cd3f438aef14347555c0c01037291d2f881d40a,Hecho En Mexico,2.0,4.4,78749
"4301 W William Cannon Dr, Austin, TX 78749, USA",f14e5d754c47399635bfa56310d2eeeee33b5e27,Chuy's,,4.4,78749
"4301 W. William Cannon Dr, G-400, Austin, TX 78749, United States",ab3dde3cc3aa1cbfbfffd57a9b97bde129d629c8,Torchy's Tacos,1.0,4.4,78749
"4301 W. William Cannon Dr., Bldg. D, Austin, TX 78749, United States",8e05bd70a2a45f73242fc8b9b17b941d1ceb2069,Cheddar's Scratch Kitchen,2.0,3.9,78749
"5900 W Slaughter Ln, Austin, TX 78749, USA",b5b272d6875f59a5902a393bcacbf5b056cfdc0b,Mangieri's Pizza Cafe,2.0,4.1,78749
"4301 W William Cannon Dr, Austin, TX 78749, USA",3033b648b855e91e4d07489239f15bbb3921fa20,Kerbey Lane Cafe,1.0,4.3,78749
"3601 W William Cannon Dr, Austin, TX 78749, USA",290fe532645f69fe9b3d2fa136c610515981843d,Austin's Pizza - William Cannon,2.0,3.6,78749
"6611 S Mo Pac Expy, Bldg B, Austin, TX 78749, United States",50c961c7e199620febcf944870705954bc1dc68d,Whataburger,1.0,4.1,78749
"10300 Anderson Mill Rd Suite A, Austin, TX 78750, USA",c9ce4c42ad54105312ebd31142b3cb89bd720e0e,Shanghai Noodle House,,4.5,78750
"6507 Jester Blvd Suite 501, Austin, TX 78750, USA",383b322fdd16b1f93e322795b74c5ad6ed0e8781,Red Lotus Asian Grille,,4.6,78750
"5555 N. Lamar Blvd J107, Austin, TX 78751, United States",eeb2c9a5ad2d04b0321a1b95465c7a5384aca7ae,Mr. Delivery,,1.0,78751
"5610b N Lamar Blvd, Austin, TX 78751, USA",c8dd7c19f86c78499e765a7ff0ee5881ea39c8a6,DK Sushi,2.0,4.5,78751
"901 E Koenig Ln, Austin, TX 78751, USA",827b61833e183f5dd182d1224bc4ac05fc6d238d,IHOP,1.0,3.6,78751
"5804 N Interstate 35 Frontage Rd, Austin, TX 78751, USA",ff2733af71330ab10f835a023edc0144bd617fa5,Amaya's Taco Village,1.0,4.2,78751
"5501 N Lamar Blvd # C101, Austin, TX 78751, USA",e411f9f845c5a666ba3c0be3554c9da9d3d99b1e,Titaya's Thai Cuisine,1.0,4.5,78751
"5001 Airport Blvd, Austin, TX 78751, USA",c5243e7fcfc5193669e32b6c6373b38881ac3c90,Bun Belly,1.0,4.4,78751
"5700 N Interstate 35 Frontage Rd, Austin, TX 78751, USA",7d1e43bedb62d5c910744fe33fa003092ef2f846,Capt. Benny's Seafood,2.0,4.0,78751
"4616 Triangle Ave, Austin, TX 78751, USA",5bfae75c788d127ea587017086b6eda0ac04a573,Snap Kitchen,1.0,4.0,78751
"5312 Airport Blvd, Austin, TX 78751, USA",47889a74dc423966b4d0c584abcb12ff01b77128,East Side Pies,2.0,4.5,78751
"5201 Airport Blvd, Austin, TX 78751, USA",64c9c95ff0cdce0f77df54a990a1a1baca9663f4,Sala and Betty,2.0,4.5,78751
"4807 Airport Blvd, Austin, TX 78751, USA",d5fde7eb0552df5befd637447475c10458c6d538,BULLFIGHT,3.0,4.1,78751
"4700 W Guadalupe St #12, Austin, TX 78751, USA",84bebc4a656483a66c1dc7edae693c71b88b77b7,Mandola's Italian,2.0,4.3,78751
"5610 N Lamar Blvd, Austin, TX 78751, USA",d17ca20180863ef343abae181cbe3a4e4929c912,El Caribe Mexican Restaurant,2.0,4.0,78751
"1000 E 41st St #940, Austin, TX 78751, USA",37356ccd5d2b42958ef695e805b71ed10f7ed973,Jason's Deli,2.0,4.0,78751
"408 E 43rd St C, Austin, TX 78751, USA",6d21b2735b1477ed83aa6d151362ea81663b021e,ASTI Trattoria,2.0,4.1,78751
"815 W 47th St #103, Austin, TX 78751, USA",089013e11bbd754c03ba57891e668ad38b046156,Flying Saucer Draught Emporium,2.0,4.2,78751
"4631 Airport Blvd Ste 130, Austin, TX 78751, USA",618bd520c1929c96f8aac111d2f37bb16b23a29e,Domino's Pizza,1.0,3.6,78751
"4600 West Guadalupe Street, Suite B5, Austin, TX 78751, United States",6c1b4cadd063127270b8049a47237aba63ff8b76,Maudie's Triangle,,3.9,78751
"5607 N Lamar Blvd, Austin, TX 78751, USA",642d8ebcbc28735dbdfbddbf30b6a32a65e37509,KFC,1.0,3.3,78751
"4515 Airport Blvd, Austin, TX 78751, USA",925f2f47f55cacdd404fd8cdd1f17121b585a69a,In-N-Out Burger,1.0,4.2,78751
"4631 Airport Blvd #131a, Austin, TX 78751, USA",978b2c930ff5774f8e2905a433d598ef2ff533a2,The Omelettry,2.0,4.2,78751
"4616 Triangle Ave, Austin, TX 78751, USA",15eaaf99beff5f23838ee5b8a0e24354443fb158,Galaxy Cafe,2.0,4.2,78751
"5242 N Lamar Blvd, Austin, TX 78751, USA",443f7b9cff46eaaf489c57e6646bc0e6fb6c5327,Taco Cabana,1.0,3.7,78751
"4615 N Lamar Blvd #307, Austin, TX 78751, USA",82ddc92176dd6c9beb6742692cc8ea6cec5bf970,Hopdoddy Burger Bar,2.0,4.5,78751
"5602 N Lamar Blvd, Austin, TX 78751, USA",e1387f2e6aee704a6d025e08daf567a115d1702f,Dan's Hamburgers,1.0,4.5,78751
"5900 N Lamar Blvd, Austin, TX 78751, USA",ff0b4893fe0e2df3582e1779edd753133c0b26e1,P. Terry's Burger Stand,,4.4,78751
"1000 E 41st St Unit K, Austin, TX 78751, USA",e9a63fa8fcbfa8d9cee6e08457d2401b99a277e3,Jack In The Box,1.0,2.8,78751
"4206 Duval St, Austin, TX 78751, USA",3cc4658d8ffe74b4a0a248b093638a76562af64f,Hyde Park Bar & Grill,,4.2,78751
"4631 Airport Blvd #130, Austin, TX 78751, USA",a51625e3ee27128c6ffd0ed96861490878f49861,Soup Peddler Real Food & Juice Bar,1.0,4.7,78751
"5621 Airport Blvd, Austin, TX 78751, USA",856ee9c822a5cf411421edc5ba3609c526574580,Quality Seafood Market,2.0,4.3,78751
"5301 Airport Blvd #100, Austin, TX 78751, USA",d5335c668ab25107ae6d2137c1ac621bbecd4fe3,Komé,3.0,4.6,78751
"4215 Duval St, Austin, TX 78751, USA",26cb4bef79175e236fbdcec2f2f3670955cdef2f,Mother's Cafe,2.0,4.4,78751
"1000 E 41st St Ste. 260, Austin, TX 78751, USA",f40ecc5340d7c8dd1a27dc6d164905f24856c661,Freebirds World Burrito,2.0,4.1,78751
"306 E 53rd St, Austin, TX 78751, USA",5dae93aab51d9cd8ea5f7d2cf8eac620665f2ef4,Foreign & Domestic,2.0,4.1,78751
"4905 Airport Blvd, Austin, TX 78751, USA",6ef664636711115acd09b7db2e78346b65d02fbd,Tyson's Tacos,,4.5,78751
"9710 N Lamar Blvd, Austin, TX 78753, USA",aa02bc0fc1de3a33f9c1d2464764d48ca3ec4407,Thomas Buffet,2.0,3.6,78753
"3800 N Lamar Blvd #120, Austin, TX 78756, USA",2f5ad79ce96295efa31195f59fd5b7132f9da741,Snooze an A.M. Eatery,2.0,4.5,78756
"4729 Burnet Rd, Austin, TX 78756, USA",d5279dff456f07881254b98c838f8c5416ad00be,Pinthouse Pizza,,4.7,78756
"4420 N Lamar Blvd, Austin, TX 78756, USA",a83a7405f0b79cc47aa420b49a98c7f65ee0c22b,Chili's Grill & Bar,1.0,3.9,78756
"5800 Burnet Rd, Austin, TX 78756, USA",0b7075f4bf826f3506e85d9c6e9fc5dec806b781,Sap's Fine Thai Cuisine,2.0,4.4,78756
"5408 Burnet Rd, Austin, TX 78756, USA",6517228e326cc10d97a434c2782835a7232dbf4c,Lucy's Fried Chicken,1.0,4.2,78756
"2320 Hancock Dr, Austin, TX 78756, USA",56dbae598b9957445f45639f6f38452e427f5260,Poke-Poke,1.0,4.6,78756
"4002 N Lamar Blvd, Austin, TX 78756, USA",6e3215fd77d45e486af0b0f7d24ad90fa0fdb9c9,Taco Shack,1.0,3.8,78756
"4929 Burnet Rd, Austin, TX 78756, USA",01418741bf9b7fb50e8a75f0ce9aa63e6cc95026,Sonic Drive-In,1.0,3.6,78756
"4200 N Lamar Blvd, Austin, TX 78756, USA",fed87216a48761907c02d0d88ac9d78924ea267c,Tacodeli,1.0,4.6,78756
"4412 Medical Pkwy, Austin, TX 78756, USA",7e522b4d252ea90c148124cd9134fddbac79c441,Taco Shack,1.0,3.8,78756
"5222 Burnet Rd, Austin, TX 78756, USA",b1c7cb728a1f49ca1d23eb2f073c1ea42c1933d4,Chi'Lantro,1.0,4.4,78756
"4400 N Lamar Blvd #102, Austin, TX 78756, USA",4708856e7d3c2ef92990cda6d5189f5d425e45e7,The Steeping Room,1.0,4.6,78756
"4001 N Lamar Blvd #502, Austin, TX 78756, USA",fc2140cd8491bad7d395affa46eb9112a3ad7659,Jimmy John's,1.0,3.9,78756
"5343 Burnet Rd, Austin, TX 78756, USA",4d29c771abb150d5ca2871c45dbc1bdfece3ab12,Papa John's Pizza,2.0,3.7,78756
"5011 Burnet Rd, Austin, TX 78756, USA",a05729ae468c39be8d5a145c39cd5a6e89274bb5,Citizen Eatery,1.0,4.4,78756
"4636 Burnet Rd, Austin, TX 78756, USA",474e4a9a83c12e8583d29e7242f03fdd08ae43a0,Maru Japanese Restaurant,2.0,4.5,78756
"5000 Burnet Rd, Austin, TX 78756, USA",212bf93b4c88cef23b2f461cb71c2d77d84f020a,The Big Kahuna,1.0,4.8,78756
"5119 Burnet Rd, Austin, TX 78756, USA",5e5d926dcc37172e412ae89df552ea7b46b164ce,Torchy's Tacos,1.0,4.6,78756
"2203 Hancock Dr, Austin, TX 78756, USA",d52d0204f0db08e8753ef420ad3e6e9d750faaf1,La Mancha,,4.2,78756
"5222 Burnet Rd #500, Austin, TX 78756, USA",aede5538f77884367e476806af9f490797768d7e,Sarah's Mediterranean,1.0,4.5,78756
"4800 Burnet Rd, Austin, TX 78756, USA",0ea0e05788c7c5d2d9f3c356829229029b622de3,Gusto,2.0,4.2,78756
"4800 Burnet Rd C300, Austin, TX 78756, USA",f6581d5233965ea18e53b33883d551dff96cdcfa,Blue Star,2.0,4.0,78756
"4516 Burnet Rd, Austin, TX 78756, USA",d936078430bce3ac738a594672807882c4affff9,La Cocina de Consuelo,2.0,4.4,78756
"1304 W Koenig Ln, Austin, TX 78756, USA",2c335eb0ceb270c25923cd1ddb6d2aba73cdc9b1,Chekos,2.0,4.3,78756
"4400 N Lamar Blvd, Austin, TX 78756, USA",a5d70276f3b9c04c3d48d4c622a76d83fa0496b9,Get Sum,,3.7,78756
"4400 N Lamar Blvd, Austin, TX 78756, USA",286b502fc103cdef82986a24cfc397eeba28c06a,Panda Express,1.0,2.5,78756
"911 W Anderson Ln, Austin, TX 78757, USA",65eff5145ba76d3aca8117d40523c1447afa10bd,Misung 888,,3.9,78757
"3401 Esperanza Crossing #106, Austin, TX 78758, USA",ab3670e3f61d529386bd613a0201c58ecc2cb93b,Xian Noodles,,4.7,78758
"9828 Great Hills Trail #100, Austin, TX 78759, USA",a26e1820bc719f9ba615da74e31ac240db46707c,Fire Bowl Cafe,2.0,3.9,78759
"10515 N. Mopac Espressway A-155, Austin, TX 78759, USA",1786a6a2102ed7b58660d60bcb38d6fb3176b41a,Masala Wok,2.0,4.0,78759
